rt @rapplerid: boneka ahok dijual di filipina? @gunromli katakan ya, tapi @toykingdomph menyangkalnya: https:\/\/t.co\/hgns8emg7c https:\/\/t.co\u2026
rt @mrshananto: mari bela ahok. potong video 1jam48menit jd 30detik n bilang itu hina islam adalah jahat. sabar. kmrn gw jg bela hak agus m\u2026
rt @eae18: 28. jangan dikaburkan bahwa pihak yang tak setuju dengan ujaran ahok telah memelintir. tak ada plintiran jika didekati secara il\u2026
rt @detikcom: ahok minta maaf soal al maidah 51, novanto: saya sangat bangga! https:\/\/t.co\/pvgswsbpiq
politikus pdip beri nilai b plus untuk kinerja ahok - detikcom https:\/\/t.co\/uqy8uwd1or
rt @sahara2812: mereka bilang ahok musuh allah, saya bilang \"sejak kapan kejujuran dan keamanahan memusuhi allah? kedengkian kalian itulah
ahok jadi bintang di lubang buaya - https:\/\/t.co\/ejgsawnbga https:\/\/t.co\/rwadn0fwgx
rt @mimi_jemari: anies baswedan bandingkan penertiban rumah ala jokowi dengan ahok https:\/\/t.co\/veeqx6zscd
rt @nasrun1608: @kompascom @marcel_prawira ahok keras kalau yg datang ada niat tipi tipu, kalau datang dgn niat baik, ahok sangat lembut, p\u2026
pendukung ahok-djarot siap jadi relawan jika dibutuhkan: namun ia mengaku belum ada komunikasi dengan pihak t... https:\/\/t.co\/mbdigjibpo
rt @kompascom: ahok bakal bongkar seluruh videotron berbentuk \"billboard\". https:\/\/t.co\/sjmottluua
teman ahok pesan baju kotak-kotak di penjahit langganan jokowi - tribun... https:\/\/t.co\/uphvddpdgx
pendukung ahok-djarot siap jadi relawan jika dibutuhkan https:\/\/t.co\/nbjywb84yt
watak itu beda dengan watuk... https:\/\/t.co\/qdigkeonj1"
rt @bangkapos: kisah dn aidit, pria dari pulau yang sama dengan ahok, yusril dan andrea hirata: pada masa orde baru, setiap ... https:\/\/t.c\u2026
pendukung ahok-djarot siap jadi relawan jika dibutuhkan https:\/\/t.co\/mmohihpgla
rt @nusanewscom: \\istana tegaskan independen, eh jokowi dan ahok satu mobil bahas pilgub dki https:\/\/t.co\/nlmnal2klq
rt @singgihwidiyas: dear ahok, seketika saya makin cinta dengan bapak. karena setahu saya pemenang ada karena melewati berbagai ujian. #kam\u2026
rt @prsty_ty: @basuki_btp tak ada jln yg mudah utk mencapai puncak. semangat indonesia ada pd pak ahok maju terus membela yg benar,jujur n\u2026
rt @gerak_kebajikan: #kamiahok \ud83d\udc97\n\nhanura tegaskan tetap dukung ahok, ini alasannya. https:\/\/t.co\/77vdcq8avp
rt @kurawa: kita berikan dukungan moril buat ahok pagi ini dengan menyerukan hestek:\n\n #kamiahok #kamiahok #kamiahok    \n\nterima kasih yah\u2026
rt @chirpstory: 512 views\nahok tersangka? jangan ragu untuk tetap pilih ahok! oleh @partaisocmed\n\nfrom @w1r4guna1 https:\/\/t.co\/mrgntvddf6
tetap ahok! #kamiahok
ahok gubernur cerdas dan menguasai semua lini - 30 sept 2016 https:\/\/t.co\/0garvjs91i lewat @youtube
rt @takviri: teman jokowi seharusnya teman ahok jg\npendukung jokowi seharusnya pendukung ahok jg\n\nbegitu kira2 pesan jokowi ke p\u2026 
rt @mscendani: kemarin ada yg bilang yang bisa bikin pak jokowi tertawa lepas itu cuma pak ahok https:\/\/t.co\/khldj6xzvq
junjungan : yg selalu didukung, dipuja-puji, dibela, tak pernah mau mengkritik. https:\/\/t.co\/wdbxx1b2rr",
masinton ingin ahok perbaiki gaya komunikasi. https:\/\/t.co\/pqtrzlu2uv
politikus pdip beri nilai b plus untuk kinerja ahok https:\/\/t.co\/tk1qzrpdql
rt @edo_macho: @herryrodin @toni_romdoni  dgn bgtu qt bs tau karakter&amp
jd makin cinta sm pak ahok https:\/\/t.co\/507nnctc9i"
rt @thessaness: amin \ud83d\ude4f maju terus pak ahok #kamiahok https:\/\/t.co\/yaagmdgjhd
rt @kangdede78: menerima keluhan warga, jgn nangis bu, pak ahok selalu bersama orng2 yg tulus. https:\/\/t.co\/kxfeuo6ywr
playmfs: #ptl gua orang islam, tapi gua kasihan liat ahok
#infopekerja usai upacara hari pancasila, ahok jadi rebutan https:\/\/t.co\/4xffgwll9e https:\/\/t.co\/2ou2y0zxwo"
ahok jadi bintang di lubang buaya: https:\/\/t.co\/2fbs21qf8t via @youtube
rt @abimanyue07: salah satu bukti sayangnya pasukan oranye kepada pak ahok\ncc @tbayupatti :) https:\/\/t.co\/bdiqfivdki
rt @tribunrakyat: bismillah, dukung ahok-djarot,... https:\/\/t.co\/yymqzlux7r
rt @tbayupatti: hebatnya ahok, memenuhi undangan pernikahan meskipun warga depok #namanyabpkitusayanganak https:\/\/t.co\/svda0ktuos
rt @hastagcjr: wah asyik pak ahok tambah ganteng pakai baju ada cinta di sma \ud83d\ude18\nthx pak atas supportnya!\ud83d\ude4c\ud83d\ude18
rt @mochfatahhiday3: \"ahok ibarat ranting' walaupun di pata, ahok tetap mampu tumbu menjadi buah untuk warga dki. @wahhabicc https:\/\/t.co\/q\u2026
#saveahok #kamiahok godbless ahok :)
rt @thekion1: #kamiahok ahok pelayan masyarat #kamiahok https:\/\/t.co\/xmeuy1gxgk
ayo dukung ahok djarot untuk transportasi jakarta yang lebih maju dan modern #5kmahok
rt @savicali: buat gw jelas: ahok off-side. bukan pelanggaran yg layak kartu kuning ato merah. dia gw yakini tak punya niat menghina ato me\u2026
kompascom: \"teman ahok\" jadikan penetapan tersangka ahok sebagai pemecut semangat. https:\/\/t.co\/wdeljqwm8s
langsung keinti aja takut ahok memang kan? takut gabisa coba coba nyolong duit rakyat kan? manusia udah kaya masih aja serakah. #kamiahok
masinton ingin ahok perbaiki gaya komunikasi https:\/\/t.co\/watmcqpalo
rt @chbdmn: ahok dikagumi di ln https:\/\/t.co\/wludggl9oi
rt @gunromli: namanya ortu ingin bahagiakan anak, si anak nikah minta kado: ahok datang, meski ktp depok, ahok datang... https:\/\/t.co\/ay9sd\u2026
rt @mamaciaa: kalau ahok yang ngomong dianggap melecehkan. trus dibikin rame.\n\nustad2 berkedok agama buat nipu dsb  kog sapi2 aja  \ud83d\ude01 eh sepi dijabat
rt @hayked: ini foto setelah ahok bicara almaidah,yg kalian blng melecehkan islam\nmasak habis dilecehin jd kek gini romantisnya? https:\/\/t.\u2026
pp pemuda muhammadiyah akan laporkan ahok https:\/\/t.co\/blymzzzo9m #metro https:\/\/t.co\/rrd75eznah",
tidak perlu memakai akun palsu untuk meng-tweet dan membuat trending itu hak anda \ud83d\ude37 mui laporkan ahok
rt @addiems: lihat fakta ini, koq bisa ada yg menyatakan ahok tak sentuh bidang ekonomi ya? https:\/\/t.co\/uthmad6t4d
ahok lecehkan al qur'an, dpr minta panwaslu mengambil sikap https:\/\/t.co\/ssayscyjmr
rt @maspiyungan: ribuan umat islam tandatangani petisi atas pelecehan ahok terhadap al-quran https:\/\/t.co\/frxbfupkyq
@basuki_btp ko ahok knp banyak yg isengin anda di jakarta,fitnah dan jelek2in,ga da kerjaan ya pesaing politik anda,ga takut kah dgn karma?
rt @dennyja_world: saya melihat data lsi soal pilkada dki yang mengejutkan (survei okt 2016): ahok potensial kalah!
harus dilawan!\nklo enggak akan ada penistaan agama islam lagi dan lagi...!!! https:\/\/t.co\/0zjdoktt7r","display_text_range":[0,76],"source":"\u003ca
@null pp pemuda muhammadiyah akan laporkan ahok mereka menuduh ahok melakukan penistaa  https:\/\/t.co\/iazvevb18w
rt @dennyja_world: saya melihat data lsi soal pilkada dki yang mengejutkan (survei okt 2016): ahok potensial kalah!
rt @gunromli: toys kingdom di philippine jual boneka ahok @basuki_btp  \ud83d\ude00\ud83d\udc4d\ud83d\udc4d https:\/\/t.co\/iyffhomdn4
rt @saya_aal: @dedy_steven80 @ratnaspaet @ghazalisil @ridwankamil @jpnncom :d krn di situ gak ada ahok, oma @ratnaspaet kan timses nya ahok\u2026
rt @wahju_wibowo: mui laporkan ahok...apakah mui sudah melihat utuh video ahok? kebiasaan buruk yg malas membaca\/melihat secara utuh suatu\u2026
rt @dennyja_world: saya melihat data lsi soal pilkada dki yang mengejutkan (survei okt 2016): ahok potensial kalah!
rt @kompascom: waketum gerindra: ahok akan kalah dengan perilakunya sendiri. https:\/\/t.co\/osgdt3k9ht
yg bilang ahok gak salah cuma iblis https:\/\/t.co\/in3adgftca
rt @datuakrajoangek: memangnya ahok bicara di hadapan pohon pas di pulau 1000? di depan orang kan?kalau di menista agama, minimal udah dile\u2026
pp pemuda muhammadiyah akan laporkan ahok https:\/\/t.co\/yqbnw5vzxu
rt @dpp_fpi: undangan: kpd yth. pimp. ormas islam &amp
mui laporkan ahok ke polisi https:\/\/t.co\/6l9jw2liz9
sisi sebelah @temanahok @pandji https:\/\/t.co\/zcfrlzqyro"
rt @rachmatdaradjat: nggak berani. https:\/\/t.co\/vpl61qwd4y
rt @m4ngu5il: \"maklumat pedagang kaki lima 30\/09\/2016 yang mengharamkan memilih ahok\" by @rbicara https:\/\/t.co\/wfsoga9rpa
sakit nya tuh disini..hahahah https:\/\/t.co\/maitjukbdd"
#news: sindir ahok, roy suryo: mau pilgub jadi lebih soft https:\/\/t.co\/dzk5melpdh | sindo news
rt @jokoselong: ahok sengaja menyulut sara. https:\/\/t.co\/yb8lifdqww
bukan hanya tingkat kerjanya, ttg keteguhan spy anggaran tdk slh jth ke tgn korup itu loh yg tdk di punya yg lain hh https:\/\/t.co\/dqsxvp9o4q
hihihi...kok nyengir sih di fotonya :d https:\/\/t.co\/0jepkfunpz"
ridwan saidi sebut ahok berisik, jakarta butuh pemimpin damai https:\/\/t.co\/gtvi0or9xv https:\/\/t.co\/7pzbl1d26f #politik
rt @kurawa: kalo ahok gagal jadi gubernur dki maka dia sdh bercita2 harus jadi ka. bulog .. dia begitu gemas dengan jeleknya penataan logis\u2026
siapa itu? teori aje https:\/\/t.co\/zfws8hwvps"
roy suryo: tak ada visi, ahok hanya teruskan jokowi https:\/\/t.co\/mkv4yz0ayo #teamfollowback #followme #1
ketika teman ahok kehilangan arah dan tujuan. malah jadi pengikut partai juga wkwkkw https:\/\/t.co\/gxnfuolhsh"
yang pro ahok bilang, romo mangun memelihara kemiskinan
rt @yuliaa007: mknya gw blg anies salah nyerang2 ahok, lawan dia tuh agus kl mau maju, br lawan ahok kl 2 putaran, hahaha https:\/\/t.co\/0vxi\u2026
rt @cagubnyinyir: hebat visinya roy suryo embat perabotan milik negara di gusur ke rumah https:\/\/t.co\/q6zpzw7z0p @semiaji_w @bhd_58 https:\/\u2026
masinton kelaut aja. ga ada gunanya. malu2in pdip tok @pdi_perjuangan https:\/\/t.co\/yzdycxavob"
artinya, ahok ternyata bisa disetting sesuai kebutuhan kekuasaan. jadi? apakah marah2, t*i dll selama ini dlm rangk\u2026 https:\/\/t.co\/wnrzswnp0c" 
rt @zmuhtadien: buzzer-buzzer ahok pamer kali-kali bersih, sebagai keberhasilan ahok, padahal pengelola 13sungai itu kementrian pupr
rt @gerindra: 17. alih-alih mempertajam diskusi dan kajian soal konsep tadi, ahok malah menguburnya dengan menggusur kampung buki\u2026 
eaaaa.... syirik!! https:\/\/t.co\/lba9gydt2p"
ya allah..inilah firaun abad ini..semoga allah hukum manusia yg menghina kitabnya. aamiin https:\/\/t.co\/qmtcyik2pj"
rt @marvinaping: ud gtu 800rb nya sering banyak pegawai bodong...pungli...+ dipotong2 pula sebelom sampe ke petugas !! https:\/\/t.co\/qo0rple\u2026
rt @alionathan1: gak masalah apapun yg mereka perbuat yng penting seiman ... https:\/\/t.co\/jv2ab2pf90
rt @nusanewscom: jika tak ada peningkatan, kasus ahok catatan buruk penegakan hukum rezim jokowi di indonesia https:\/\/t.co\/ox9iced3yy
rt @feng_lauw: @b0edie11 @ratnaspaet @basuki_btp kebiasaan nenek ini main telan aja judulnya kalau ada yg berhubungan sama bpk ahok. \ud83d\ude02\ud83d\ude02\ud83d\ude02
rt @mazida_mazda: \ud83d\ude2c\ud83d\ude2c bila ahok-djarot menang, berarti benar2 ada proxy war pembela kepentingan china yg khianat kepentingan indone\u2026 
lah emang siapa elu? https:\/\/t.co\/nebm8kaivu",
